{"time_stop":false,"erwin_buff":true,"auto_vote_extreme":true,"themes":{"DarkContrast":{"B":14,"R":14,"G":14},"Glow":{"B":0,"R":0,"G":0},"TextColor":{"B":255,"R":255,"G":255},"LightContrast":{"B":20,"R":20,"G":20},"Background":{"B":24,"R":24,"G":24},"Accent":{"B":10,"R":10,"G":10}},"automatic_upgrade":false,"macro_blacklist_specialmove":["Erwin"],"merlin_buff":true,"sacrifice_exploit":false,"automatic_upgrade_wave":0,"macro_summon":true,"macro_upgrade":true,"macro_sell":true,"automatic_upgrade_money":0,"auto_join_level":1,"max_inventory_limit":500,"time_stop_unit":"Satoru Gojou","macro_changepriority":true,"macro_specialmove":true,"automatic_upgrade_speed":1,"auto_evolve_exp":false,"macro_skipwave":false,"light_yagami_keybind":"F1","automatic_upgrade_delay":5,"auto_join_game":false,"macro_playback":false,"version":"1.42","time_stop_keybind":"LeftControl","auto_join_mode":"Infinite","macro_profile":"Default Profile","macro_record":false}